INSERT
IGNORE INTO studio VALUES
    (1, 'CGV'),
    (2, 'XXI'),
    (3, 'Cinema');

INSERT
IGNORE INTO genre VALUES
('1', 'Drama'),
('2', 'Comedy'),
('3', 'Horror'),
('4', 'Adventure'),
('5', 'Action'),
('6', 'Animation'),
('7', 'Documentary'),
('8', 'Family'),
('9', 'Friendship'),
('10', 'Romance'),
('11', 'Fantasy'),
('12', 'Science fiction'),
('13', 'Thriller'),
('14', 'Mystery'),
('15', 'Biography'),
('16', 'Musical'),
('17', 'Religious');

INSERT
IGNORE INTO seat VALUES
('', 'A1', '1'),
('', 'A2', '1'),
('', 'A3', '1'),
('', 'A4', '1'),
('', 'A5', '1'),
('', 'A6', '1'),
('', 'A7', '1'),
('', 'A8', '1'),
('', 'A9', '1'),
('', 'A10', '1'),
('', 'B1', '1'),
('', 'B2', '1'),
('', 'B3', '1'),
('', 'B4', '1'),
('', 'B5', '1'),
('', 'B6', '1'),
('', 'B7', '1'),
('', 'B8', '1'),
('', 'B9', '1'),
('', 'B10', '1'),
('', 'C1', '1'),
('', 'C2', '1'),
('', 'C3', '1'),
('', 'C4', '1'),
('', 'C5', '1'),
('', 'C6', '1'),
('', 'C7', '1'),
('', 'C8', '1'),
('', 'C9', '1'),
('', 'C10', '1'),
('', 'D1', '1'),
('', 'D2', '1'),
('', 'D3', '1'),
('', 'D4', '1'),
('', 'D5', '1'),
('', 'D6', '1'),
('', 'D7', '1'),
('', 'D8', '1'),
('', 'D9', '1'),
('', 'D10', '1'),
('', 'E1', '1'),
('', 'E2', '1'),
('', 'E3', '1'),
('', 'E4', '1'),
('', 'E5', '1'),
('', 'E6', '1'),
('', 'E7', '1'),
('', 'E8', '1'),
('', 'E9', '1'),
('', 'E10', '1'),
('', 'A1', '2'),
('', 'A2', '2'),
('', 'A3', '2'),
('', 'A4', '2'),
('', 'A5', '2'),
('', 'A6', '2'),
('', 'A7', '2'),
('', 'A8', '2'),
('', 'A9', '2'),
('', 'A10', '2'),
('', 'B1', '2'),
('', 'B2', '2'),
('', 'B3', '2'),
('', 'B4', '2'),
('', 'B5', '2'),
('', 'B6', '2'),
('', 'B7', '2'),
('', 'B8', '2'),
('', 'B9', '2'),
('', 'B10', '2'),
('', 'C1', '2'),
('', 'C2', '2'),
('', 'C3', '2'),
('', 'C4', '2'),
('', 'C5', '2'),
('', 'C6', '2'),
('', 'C7', '2'),
('', 'C8', '2'),
('', 'C9', '2'),
('', 'C10', '2'),
('', 'D1', '2'),
('', 'D2', '2'),
('', 'D3', '2'),
('', 'D4', '2'),
('', 'D5', '2'),
('', 'D6', '2'),
('', 'D7', '2'),
('', 'D8', '2'),
('', 'D9', '2'),
('', 'D10', '2'),
('', 'E1', '2'),
('', 'E2', '2'),
('', 'E3', '2'),
('', 'E4', '2'),
('', 'E5', '2'),
('', 'E6', '2'),
('', 'E7', '2'),
('', 'E8', '2'),
('', 'E9', '2'),
('', 'E10', '2'),
('', 'A1', '3'),
('', 'A2', '3'),
('', 'A3', '3'),
('', 'A4', '3'),
('', 'A5', '3'),
('', 'A6', '3'),
('', 'A7', '3'),
('', 'A8', '3'),
('', 'A9', '3'),
('', 'A10', '3'),
('', 'B1', '3'),
('', 'B2', '3'),
('', 'B3', '3'),
('', 'B4', '3'),
('', 'B5', '3'),
('', 'B6', '3'),
('', 'B7', '3'),
('', 'B8', '3'),
('', 'B9', '3'),
('', 'B10', '3'),
('', 'C1', '3'),
('', 'C2', '3'),
('', 'C3', '3'),
('', 'C4', '3'),
('', 'C5', '3'),
('', 'C6', '3'),
('', 'C7', '3'),
('', 'C8', '3'),
('', 'C9', '3'),
('', 'C10', '3'),
('', 'D1', '3'),
('', 'D2', '3'),
('', 'D3', '3'),
('', 'D4', '3'),
('', 'D5', '3'),
('', 'D6', '3'),
('', 'D7', '3'),
('', 'D8', '3'),
('', 'D9', '3'),
('', 'D10', '3'),
('', 'E1', '3'),
('', 'E2', '3'),
('', 'E3', '3'),
('', 'E4', '3'),
('', 'E5', '3'),
('', 'E6', '3'),
('', 'E7', '3'),
('', 'E8', '3'),
('', 'E9', '3'),
('', 'E10', '3');

INSERT
IGNORE INTO movie (id, title, poster, rating, synopsis, director, duration, trailer) VALUES
('1', 'Surga di Bawah Langit',
'https://media.21cineplex.com/webcontent/gallery/pictures/167755585331541_287x421.jpg',
'9.2',
'According to Ayu, Laras and Agus, what is happiness? Just what is important can eat or togetherness? Friendship between 3 children who live and live in a slum. Struggling in everyday life, facing life problems that eventually separated them. Will they meet again in the future? Is friendship and love always there between them?',
'Pritagita Arianeara', '1 hours 29 minutes', 'XNuDXR9bLHs'),
('2', 'John Wick: Chapter 4',
'https://media.21cineplex.com/webcontent/gallery/pictures/167706370552494_287x421.jpg',
'9.6',
'John Wick (Keanu Reeves) finds a way to beat The High Table.
But before he can get his freedom, Wick must face a new enemy with powerful alliances around the world!
Forcing it turns old friends into enemies.',
'Chad Stahelski', '3 hours 29 minutes', 'qEVUtrk8_B4'),
('3', 'Teman Tidur',
'https://media.21cineplex.com/webcontent/gallery/pictures/167764720855015_287x421.jpg',
'9.4',
'Amanda is a transfer student, she lives in a dormitory so she can focus on taking part in the Biology Olympiad.
There he meets Adam and his gang, new friends who help him from the torment of the bully student gang.
The closeness of Amanda and the Adam Gang triggers a cynical reaction from Davin who is an excellent student.
Davin is still depressed over the death of his best friend, Kelly,
who committed suicide because of his viral erotic video,
he suspects the Adam Gang as the spreader of the video.
Slowly, Kelly spirit comes to haunt them through video chat terror,
asking for justice for the mystery of her death.',
'Ray Nayoan', '1 hours 33 minutes', 'q1GA0VGKtco'),
('4', 'Dungeons & Dragons: Honor Among Thieves',
'https://media.21cineplex.com/webcontent/gallery/pictures/167764540494637_287x421.jpg',
'9.7',
'Tells of a thief who has a charming face and his group. The act of theft was carried out by taking a valuable relic.
To carry out the action, the group of thieves must face many challenges and obstacles.',
'Brian Goldner', '2 hours 14 minutes', 'IiMinixSXII'),
('5', 'Waktu Maghrib',
'https://media.21cineplex.com/webcontent/gallery/pictures/167418344362787_287x421.jpg',
'9.6',
'Adi and Saman are often punished by Bu Woro, their strict and strict teacher.
One day, Adi and Saman resentment towards Bu Woro peaks.
They cursed the teacher at the same time as the Maghrib call to prayer echoed.
Since then, Adi and Saman have experienced a terrifying supernatural terror.
Ayu suspects that there is a more frightening evil force behind this series of events.
Can Ayu save Adi and Saman before it too late?',
'Sidartha Tata', '1 hours 44 minutes', 'XftES3YHO2M'),
('6', 'Jin Qorin',
'https://media.21cineplex.com/webcontent/gallery/pictures/167755551155249_287x421.jpg',
'9.4',
'Meanwhile Abdi (Rama Michael), Seno friend and brother-in-law, begins to suspect that there is a special relationship between Wina and Seno.
Did Seno have an affair and betray Alya, his sister?
During his investigation, Abdi began to find something odd about Seno.
At the same time, Wina, who still insists on getting Seno love,
finds evidence that strengthens the secret that Seno is hiding.',
'Ubay Fox', '1 hours 27 minutes', 'DYbS1FXAxEs'),
('7', 'Iblis dalam Darah',
'https://media.21cineplex.com/webcontent/gallery/pictures/167542305281973_287x421.jpg',
'9.2',
'Ahmad began to treat Haruni, until Ahmad came to the conclusion that Haruni had a relationship with a suicide case.
Ahmad and a friend of the police helped Haruni with the problem,
looking for data on people who committed suicide and driving the evil spirit out of Haruni body.',
'Yannie Sukarya', '1 hours 35 minutes', 'udrtTD7iqR0'),
('8', 'Tulah 613',
'https://media.21cineplex.com/webcontent/gallery/pictures/167755605543567_287x421.jpg',
'9.4',
'A series of unexpected terrors began to occur and disturbed them which forced Gilang to be separated from his friends and led Gilang to a terrible past curse.
Will Gilang and his friends be able to survive and be able to get through the strange events and terrors that are starting to threaten their lives?',
'Chiska Doppert', '1 hours 25 minutes', '5_AjPkffrf8');


INSERT
IGNORE INTO schedule (id, dates, hours, movie_id, studio_id) VALUES
    ('', '2023-04-20', '10:00:00', '1', '1'),
    ('', '2023-04-20', '13:00:00', '2', '1'),
    ('', '2023-04-20', '16:00:00', '3', '1'),
    ('', '2023-04-20', '19:00:00', '4', '1'),
    ('', '2023-04-20', '21:00:00', '5', '1'),
    ('', '2023-04-20', '10:00:00', '6', '2'),
    ('', '2023-04-20', '13:00:00', '7', '2'),
    ('', '2023-04-20', '16:00:00', '8', '2'),
    ('', '2023-04-20', '19:00:00', '1', '2'),
    ('', '2023-04-20', '21:00:00', '2', '2'),
    ('', '2023-04-20', '10:00:00', '3', '3'),
    ('', '2023-04-20', '13:00:00', '4', '3'),
    ('', '2023-04-20', '16:00:00', '5', '3'),
    ('', '2023-04-20', '19:00:00', '6', '3'),
    ('', '2023-04-20', '21:00:00', '7', '3');

-- INSERT
-- IGNORE INTO studio_schedules (schedules_id, studios_id) VALUES
--     ('1', '1'),
--     ('2', '1'),
--     ('3', '1'),
--     ('4', '1'),
--     ('5', '1'),
--     ('6', '2'),
--     ('7', '2'),
--     ('8', '2'),
--     ('9', '2'),
--     ('10', '2'),
--     ('11', '3'),
--     ('12', '3'),
--     ('13', '3'),
--     ('14', '3'),
--     ('15', '3');

INSERT
IGNORE INTO genre_movies (movies_id, genres_id) VALUES
('1', '1'),
('1', '4'),
('1', '8'),
('2', '4'),
('2', '5'),
('3', '3'),
('3', '14'),
('4', '4'),
('4', '5'),
('4', '12'),
('5', '3'),
('5', '4'),
('5', '14'),
('6', '3'),
('6', '14'),
('7', '3'),
('7', '14'),
('8', '3'),
('8', '14');

INSERT
IGNORE INTO customer (id, customer_name, password, username)VALUES
    ('', 'Anggi Permana','12345','anggi123'),
    ('', 'Muhammad Fadli Fathurrahman','12345','fadli123');

INSERT
IGNORE INTO booking (id, customer_id, schedule_id, seat_id) VALUES
    ('',1,1,3),
    ('',1,1,4),
    ('',1,1,1),
    ('',1,1,2),
    ('',1,1,9),
    ('',1,1,6),
    ('',1,1,10),
    ('',1,1,13),
    ('',1,1,20),
    ('',1,1,21),
    ('',1,2,1),
    ('',1,2,2),
    ('',1,2,5),
    ('',1,2,6),
    ('',1,2,9),
    ('',1,2,10),
    ('',1,2,13),
    ('',1,2,15),
    ('',1,2,25),
    ('',1,2,30);

INSERT
IGNORE INTO `admin` (username, password) VALUES
    ('admin', 'admin123');